daily_price,lead_time,adults,children,repeated_guest,total_book,pre_cancel,pre_not_cancel,arr_date,arr_week,week_nights,weekend_nights,meal_plan,parking,special_req,canceled
114.3,127,2,0,0,0,0,0,2018-07-10,28,0,2,BB,0,1,0
111.78,104,2,0,0,0,0,0,2016-05-04,18,4,0,BB,0,0,1
79.5,96,2,0,0,0,0,0,2015-09-21,39,5,2,BB,1,1,0
122.08,86,2,1,0,0,0,0,2017-04-23,16,4,2,BB,0,2,0
251.5,7,2,2,0,0,0,0,2016-09-25,38,5,3,BB,0,0,1
154.0,31,3,0,0,0,0,0,2018-11-27,48,0,2,BB,0,1,0
136.0,8,2,0,0,0,0,0,2017-10-18,42,2,2,BB,0,2,0
170.0,67,2,0,0,0,0,0,2017-06-06,23,3,0,BB,0,0,1
90.0,5,2,0,0,0,0,0,2017-05-09,19,1,0,BB,0,0,1
62.0,323,2,0,0,1,1,0,2015-09-05,36,1,1,BB,0,0,1
51.4,510,1,0,0,0,0,0,2016-12-01,48,1,0,BB,0,0,1
43.0,1,1,0,0,0,0,0,2017-01-25,4,1,0,BB,0,1,0
148.0,170,3,0,0,0,0,0,2016-08-06,31,5,2,BB,1,2,0
106.25,195,2,0,0,0,0,0,2016-12-01,48,3,1,HB,0,2,0
118.0,18,3,0,0,0,0,0,2016-01-15,2,2,0,BB,0,2,0
85.0,25,2,0,0,0,0,0,2018-10-08,41,1,2,BB,0,0,0
46.1,115,1,0,0,0,0,0,2016-04-28,17,3,0,BB,0,1,0
70.0,44,2,0,0,0,0,0,2015-12-05,49,1,2,BB,0,0,1
87.48,34,2,0,0,0,0,0,2016-10-31,44,4,1,HB,0,0,0
151.06,204,3,0,0,0,0,0,2017-07-16,28,5,2,BB,0,1,0
63.0,1,2,0,0,0,0,0,2016-11-26,47,1,0,BB,0,0,0
124.0,7,2,0,0,0,0,0,2018-12-09,49,2,0,BB,0,1,0
122.4,396,2,0,0,0,0,0,2017-06-25,25,0,2,HB,0,1,0
75.0,95,1,0,0,0,0,0,2016-11-05,44,1,0,BB,0,0,1
115.0,120,1,0,0,0,0,0,2016-09-02,35,2,1,BB,0,0,1
90.0,34,1,0,0,1,1,0,2015-12-08,50,2,0,BB,0,0,1
158.0,5,1,0,0,0,0,0,2015-10-03,40,1,1,BB,0,0,0
40.0,40,1,0,0,0,0,0,2015-11-11,46,4,0,BB,0,0,1
88.0,6,1,0,0,0,0,0,2016-12-12,50,0,1,SC,0,1,1
134.0,138,2,0,0,0,0,0,2016-07-02,26,6,4,BB,0,0,1
140.0,59,2,0,0,0,0,0,2017-05-29,22,0,1,BB,0,0,1
97.0,28,2,0,0,0,0,0,2015-09-10,37,2,0,BB,0,0,0
139.95,106,3,0,0,0,0,0,2018-07-11,28,3,1,BB,0,2,0
81.6,24,2,0,0,0,0,0,2016-04-06,14,4,1,BB,0,0,0
41.6,23,1,0,0,0,0,0,2016-04-06,14,3,0,BB,0,0,0
75.0,105,2,0,0,0,0,0,2016-04-06,14,1,0,BB,0,0,1
39.0,33,1,0,0,0,0,0,2016-01-28,4,3,0,BB,0,0,1
95.79,142,0,2,0,0,0,0,2016-08-21,33,3,2,BB,0,1,0
110.0,12,1,0,1,5,0,5,2018-10-24,43,2,1,BB,0,0,0
115.0,162,1,0,0,0,0,0,2016-10-14,41,2,2,BB,0,0,1
148.95,37,3,0,0,0,0,0,2016-04-27,17,4,0,BB,0,0,1
85.16,137,2,0,0,0,0,0,2018-11-28,48,4,1,BB,0,1,1
145.0,0,2,0,0,0,0,0,2016-10-21,42,2,0,BB,0,0,1
95.0,16,1,0,0,0,0,0,2018-10-02,40,1,2,BB,0,0,0
88.01,153,2,0,0,0,0,0,2016-05-02,18,2,1,BB,0,0,0
100.0,116,2,0,0,0,0,0,2017-03-24,12,2,0,BB,0,1,0
104.0,122,1,0,0,0,0,0,2017-05-27,21,1,1,BB,0,0,0
86.0,221,2,0,0,1,1,0,2015-10-03,40,1,2,HB,0,0,1
37.8,95,2,0,0,0,0,0,2017-01-08,1,0,1,BB,0,1,0
118.2,14,2,0,0,0,0,0,2017-06-28,26,1,0,BB,0,0,1
91.8,16,2,0,0,0,0,0,2018-12-29,52,3,1,RO,0,0,0
198.3,79,3,0,0,0,0,0,2016-08-18,33,3,0,BB,0,1,0
66.0,0,1,0,1,2,0,2,2016-01-19,3,3,0,BB,0,0,0
80.75,75,2,0,0,0,0,0,2018-09-17,38,1,1,BB,0,0,0
93.6,278,2,0,0,0,0,0,2017-06-11,23,0,1,BB,0,0,1
135.9,42,2,0,0,0,0,0,2016-07-18,29,3,1,BB,1,1,0
70.0,1,1,0,0,0,0,0,2016-06-17,24,2,1,BB,0,0,0
80.0,75,2,0,0,0,0,0,2018-03-17,11,3,1,BB,0,0,1
102.0,3,2,0,0,0,0,0,2016-01-02,53,3,2,BB,1,1,0
131.0,0,2,0,0,0,0,0,2017-04-13,15,1,0,BB,0,0,0
126.0,36,2,1,0,0,0,0,2016-09-01,35,1,0,BB,0,1,1
72.25,93,2,0,0,0,0,0,2017-12-03,48,3,1,BB,0,2,0
130.0,350,1,0,0,0,0,0,2016-06-17,24,2,0,BB,0,0,1
128.0,16,1,0,0,0,0,0,2017-06-03,22,1,0,HB,0,0,1
204.0,46,2,2,0,0,0,0,2017-03-25,12,3,2,BB,0,0,1
79.8,34,0,2,0,0,0,0,2016-03-25,12,2,2,BB,0,2,0
90.0,175,1,0,0,0,0,0,2017-05-19,20,1,0,BB,0,0,1
95.0,192,1,0,0,0,0,0,2016-06-24,25,2,0,BB,0,0,0
131.4,59,1,0,0,0,0,0,2016-08-08,32,1,1,BB,0,1,0
65.0,105,1,0,1,5,1,4,2016-09-28,39,1,0,BB,0,0,0
106.8,43,2,0,0,0,0,0,2018-03-17,11,3,0,BB,0,0,0
140.0,51,2,0,0,0,0,0,2017-06-21,25,3,0,SC,0,1,1
123.8,141,2,0,0,0,0,0,2018-09-23,38,2,0,BB,0,1,0
250.0,0,3,0,0,0,0,0,2017-05-10,19,1,0,BB,0,1,1
75.0,35,2,0,0,0,0,0,2016-11-28,48,1,1,BB,0,0,1
55.83,288,2,0,0,0,0,0,2016-05-03,18,5,2,BB,0,0,0
129.25,12,2,1,0,0,0,0,2016-10-31,44,3,1,BB,0,2,1
100.0,14,1,0,0,0,0,0,2015-10-15,42,2,0,BB,0,0,0
91.0,4,2,0,0,0,0,0,2016-02-11,6,2,0,BB,0,1,0
62.0,20,2,0,0,0,0,0,2015-07-22,30,2,0,BB,0,0,0
107.0,10,2,0,0,0,0,0,2018-10-02,40,2,2,BB,0,0,1
75.0,0,2,0,0,0,0,0,2015-11-30,49,0,1,BB,0,0,0
101.5,257,2,0,0,1,1,0,2015-07-01,27,2,0,HB,0,0,1
107.1,199,2,0,0,0,0,0,2017-07-17,29,4,1,BB,0,1,1
193.33,24,2,0,0,0,0,0,2017-08-04,31,2,1,BB,0,1,1
148.5,6,3,0,0,0,0,0,2018-04-08,14,2,2,BB,0,0,1
153.03,36,2,1,0,0,0,0,2016-06-09,23,3,0,BB,1,1,0
0.0,0,2,0,1,0,0,0,2016-06-17,24,0,0,BB,0,0,0
35.0,7,1,0,0,0,0,0,2015-11-10,46,1,0,BB,1,0,0
172.0,0,2,0,0,0,0,0,2015-08-14,33,1,0,BB,0,2,0
99.0,263,2,0,0,0,0,0,2017-04-25,17,5,0,SC,0,1,1
178.0,20,1,0,0,0,0,0,2017-03-13,11,1,1,BB,0,0,0
175.23,104,3,0,0,0,0,0,2016-08-26,34,2,2,BB,0,1,0
202.33,8,2,0,0,0,0,0,2017-07-28,30,2,1,BB,0,1,0
128.0,220,1,0,0,0,0,0,2016-09-17,37,1,2,HB,0,0,0
48.0,12,2,0,0,0,0,0,2016-01-16,2,1,0,BB,0,2,0
126.0,72,2,0,0,0,0,0,2015-09-11,37,2,0,HB,0,0,0
62.0,37,2,0,0,0,0,0,2016-03-31,13,3,2,BB,0,0,1
62.0,29,2,0,0,0,0,0,2015-10-23,43,2,0,BB,1,1,0
116.1,125,2,0,0,0,0,0,2016-06-09,23,1,0,SC,0,0,0
70.0,180,2,0,0,0,0,0,2015-10-16,42,1,0,BB,0,0,1
126.9,128,2,0,0,0,0,0,2018-06-06,23,2,1,BB,0,1,0
140.0,26,2,1,0,0,0,0,2017-06-06,23,2,0,SC,0,2,0
119.97,70,2,0,0,0,0,0,2015-08-17,34,5,3,BB,0,1,0
126.0,125,2,0,0,0,0,0,2017-06-22,25,3,0,BB,0,0,0
257.75,15,3,0,0,0,0,0,2017-08-30,35,4,0,HB,1,3,0
98.8,44,2,0,0,0,0,0,2016-12-02,48,2,0,BB,0,0,1
185.0,64,2,0,0,0,0,0,2017-08-28,35,1,1,BB,0,1,0
94.5,96,2,0,0,0,0,0,2015-07-11,28,1,2,HB,0,0,1
125.1,51,2,0,0,0,0,0,2018-09-09,36,2,0,RO,0,1,0
65.0,443,2,0,0,0,0,0,2018-04-29,17,1,0,BB,0,0,1
116.8,222,2,0,0,0,0,0,2017-04-22,16,4,2,HB,1,1,0
65.0,422,2,0,0,0,0,0,2016-09-16,37,2,0,BB,0,0,1
115.0,386,2,0,0,0,0,0,2016-10-23,42,0,2,HB,0,1,0
140.4,53,1,0,0,0,0,0,2018-06-17,24,2,0,BB,0,0,1
75.0,109,2,0,0,1,1,0,2016-02-21,7,1,2,BB,0,0,1
160.0,164,1,0,0,0,0,0,2017-05-15,20,2,1,BB,0,0,1
159.0,1,2,1,0,0,0,0,2016-05-02,18,0,1,BB,0,2,0
115.0,256,2,0,0,0,0,0,2016-06-15,24,2,0,HB,0,1,0
208.0,12,2,0,0,0,0,0,2016-03-24,12,3,1,HB,1,1,0
118.8,139,2,0,0,0,0,0,2018-10-08,41,1,2,BB,0,0,1
85.5,142,2,0,0,0,0,0,2016-07-01,26,2,0,SC,0,1,0
0.0,63,2,0,0,0,0,0,2017-03-30,13,3,2,BB,0,1,0
65.0,0,1,0,0,0,0,0,2018-05-04,18,1,0,BB,0,0,0
75.0,74,2,0,0,0,0,0,2018-04-17,16,2,2,BB,0,0,0
85.5,27,2,0,0,0,0,0,2018-09-18,38,1,2,BB,0,0,0
67.0,7,2,0,0,0,0,0,2015-08-19,34,4,1,BB,0,0,0
8.43,194,2,0,0,0,0,0,2015-09-07,37,5,2,SC,0,2,0
94.0,12,1,0,0,0,0,0,2017-06-11,23,0,1,BB,0,0,0
79.2,63,2,0,0,0,0,0,2017-02-17,7,2,0,SC,0,2,1
98.1,173,2,0,0,0,0,0,2016-10-01,39,1,2,SC,0,1,0
64.67,67,2,0,0,0,0,0,2018-12-20,51,5,0,BB,0,1,0
115.0,213,2,0,0,0,0,0,2017-06-26,26,1,1,BB,0,0,1
60.0,359,2,0,0,1,1,0,2015-10-11,41,0,2,BB,0,0,1
62.0,351,2,0,0,0,0,0,2016-06-23,25,2,0,BB,0,0,1
86.0,82,2,0,1,1,1,0,2016-02-07,5,0,2,BB,0,0,1
80.0,58,1,0,0,0,0,0,2018-01-27,4,3,0,BB,0,0,0
9.0,70,0,3,0,0,0,0,2018-04-12,15,4,0,BB,0,1,0
116.45,68,3,0,0,0,0,0,2016-04-01,13,2,2,BB,0,2,1
125.1,56,2,1,0,0,0,0,2016-08-06,31,1,1,SC,0,1,0
90.0,11,2,0,0,0,0,0,2016-06-14,24,3,0,BB,0,0,1
92.28,47,2,0,0,0,0,0,2018-05-11,19,4,0,BB,0,1,0
35.0,5,1,0,0,3,0,3,2017-03-29,13,1,0,BB,1,0,0
95.0,41,1,0,1,1,0,1,2017-05-16,20,1,0,BB,0,0,0
0.5,37,1,0,0,0,0,0,2018-02-20,8,8,4,BB,0,0,0
92.95,8,2,0,0,0,0,0,2016-01-02,53,1,2,BB,0,1,0
107.95,166,2,0,0,0,0,0,2018-07-24,30,2,2,HB,0,0,1
89.1,31,2,0,0,0,0,0,2018-06-01,22,1,0,RO,0,0,1
210.6,21,3,0,0,0,0,0,2016-05-15,19,0,1,HB,0,0,1
144.0,159,2,0,0,0,0,0,2016-09-19,38,2,1,BB,0,0,0
110.7,216,2,0,0,0,0,0,2017-08-27,34,5,2,BB,0,0,1
85.5,0,2,1,0,0,0,0,2016-10-21,42,2,0,BB,0,1,0
100.0,302,2,0,0,0,0,0,2018-09-16,37,2,1,BB,0,0,1
99.0,227,2,0,0,0,0,0,2017-04-14,15,2,1,SC,0,1,1
75.0,134,1,0,0,0,0,0,2017-02-25,8,1,0,BB,0,0,1
100.0,129,2,0,0,0,0,0,2017-04-03,14,1,1,BB,0,0,1
95.5,423,1,0,0,0,0,0,2017-07-22,29,1,1,HB,0,0,0
101.0,2,2,0,0,0,0,0,2018-04-07,14,1,0,BB,0,1,0
62.8,314,2,0,1,1,1,0,2015-08-27,35,2,0,BB,0,0,1
25.0,1,1,0,0,0,0,0,2015-12-03,49,1,0,BB,0,0,0
148.58,252,2,2,0,0,0,0,2018-12-28,52,9,2,BB,0,2,1
171.0,156,2,0,0,0,0,0,2017-07-16,28,10,5,HB,0,0,0
58.0,1,1,0,0,1,0,1,2016-09-16,37,1,0,BB,0,0,0
112.0,4,1,0,0,0,0,0,2017-04-08,14,1,1,SC,0,1,0
52.56,18,2,0,0,0,0,0,2017-01-27,4,2,1,BB,0,0,0
98.0,72,2,2,0,0,0,0,2016-02-14,6,2,2,BB,0,0,1
106.2,110,2,0,0,0,0,0,2017-03-18,11,1,1,BB,0,2,1
181.7,82,3,1,0,0,0,0,2018-07-09,28,1,0,BB,0,1,0
72.25,175,2,0,0,0,0,0,2016-08-03,31,9,3,BB,0,0,0
130.0,26,1,0,0,0,0,0,2017-05-17,20,2,0,BB,0,1,0
153.57,204,2,0,0,0,0,0,2017-08-29,35,10,4,BB,0,3,0
186.0,96,2,0,0,0,0,0,2015-08-03,32,5,2,HB,0,0,0
46.0,3,2,0,0,0,0,0,2016-03-21,12,2,1,BB,0,0,0
120.0,56,2,0,0,0,0,0,2016-06-08,23,1,0,BB,0,0,1
82.45,59,2,0,0,0,0,0,2018-03-13,11,2,2,BB,0,0,1
4.0,0,1,0,1,0,0,0,2017-01-25,4,1,0,BB,0,0,0
48.0,383,2,0,0,0,0,0,2016-10-06,40,3,1,BB,0,0,1
180.0,27,2,0,0,0,0,0,2017-07-14,28,2,0,BB,0,2,0
189.0,210,3,0,0,0,0,0,2017-08-31,35,5,2,HB,0,0,1
80.75,77,2,0,0,0,0,0,2016-04-08,14,2,2,BB,0,2,0
126.9,155,2,0,0,0,0,0,2018-09-02,35,2,1,BB,0,1,1
90.0,8,2,0,0,0,0,0,2017-08-27,34,1,0,BB,0,1,0
161.33,38,2,0,0,0,0,0,2018-10-19,42,3,0,BB,0,1,1
55.8,252,2,0,0,0,0,0,2016-12-22,51,3,2,BB,0,0,1
114.0,35,1,0,0,0,0,0,2017-07-10,28,2,1,SC,0,0,1
104.55,132,3,0,0,0,0,0,2016-03-21,12,5,2,BB,0,1,0
80.14,113,1,0,0,0,0,0,2018-05-10,19,5,2,BB,0,0,1
88.2,157,2,0,0,0,0,0,2016-01-29,4,5,2,HB,0,1,1
62.0,323,2,0,0,1,1,0,2015-09-05,36,2,2,BB,0,0,1
95.0,267,2,0,0,0,0,0,2016-09-30,39,2,1,BB,0,0,1
52.43,229,2,0,0,0,0,0,2017-03-27,13,5,2,BB,0,2,0
65.7,0,1,0,1,0,0,0,2016-01-29,4,1,0,SC,0,0,0
110.0,17,1,0,0,1,1,0,2015-10-03,40,2,2,BB,0,0,1
50.0,86,2,0,0,1,1,0,2016-02-12,6,2,0,HB,0,0,1
107.1,46,2,0,0,0,0,0,2018-06-28,26,2,0,RO,0,0,1
80.0,0,1,0,0,0,0,0,2016-02-19,7,1,0,BB,0,0,0
85.0,92,2,0,0,0,0,0,2017-03-15,11,3,0,BB,0,0,1
63.36,54,2,0,0,0,0,0,2016-04-16,15,4,2,BB,0,0,0
88.0,1,1,0,0,0,0,0,2017-03-02,9,1,0,SC,0,0,0
149.0,1,2,0,0,0,0,0,2016-07-22,29,1,0,BB,0,1,0
88.4,70,2,0,0,0,0,0,2017-02-12,6,2,2,BB,0,1,1
100.0,277,2,0,0,0,0,0,2016-11-07,45,2,1,BB,0,0,1
123.83,96,1,1,0,0,0,0,2017-07-07,27,2,1,SC,0,1,0
130.0,2,2,0,0,0,0,0,2016-10-27,43,2,0,SC,0,3,0
140.4,56,2,0,0,0,0,0,2018-05-13,19,2,0,BB,0,1,0
79.2,53,2,0,0,0,0,0,2018-12-16,50,2,1,RO,0,1,0
72.0,388,2,0,0,0,0,0,2017-05-25,21,3,0,BB,0,1,0
59.0,281,1,0,0,0,0,0,2016-04-14,15,1,0,BB,0,0,1
114.0,40,2,0,0,0,0,0,2016-06-01,22,6,2,BB,0,0,1
27.0,6,1,0,0,3,0,3,2016-11-22,47,2,0,BB,0,0,0
92.94,113,2,0,0,0,0,0,2016-07-05,27,5,1,BB,0,2,0
77.78,243,2,0,0,0,0,0,2015-09-02,36,5,2,HB,0,0,0
75.0,68,2,0,0,1,1,0,2016-02-17,7,2,0,BB,0,0,1
110.18,13,1,0,0,0,0,0,2017-03-19,11,0,2,BB,0,0,0
109.0,29,2,0,0,0,0,0,2018-05-29,22,0,1,RO,0,2,0
91.8,21,2,0,0,0,0,0,2017-02-26,8,2,2,BB,0,0,1
90.0,11,2,0,0,0,0,0,2015-08-24,35,0,1,BB,0,1,0
80.75,169,2,0,0,0,0,0,2016-09-09,36,2,0,BB,0,0,0
65.0,3,1,0,1,1,0,1,2018-07-11,28,0,1,BB,0,0,0
87.0,542,2,0,0,0,0,0,2016-09-26,39,5,2,HB,0,3,0
388.0,53,3,1,0,0,0,0,2017-08-14,33,2,1,HB,0,0,1
120.0,111,1,0,0,0,0,0,2016-10-10,41,0,1,BB,0,0,1
114.0,0,1,0,0,0,0,0,2017-08-10,32,3,1,BB,0,0,0
80.1,61,2,0,0,0,0,0,2015-09-29,40,10,2,HB,0,2,0
110.79,145,2,0,0,0,0,0,2016-07-18,29,5,1,BB,0,0,0
225.0,90,3,0,0,0,0,0,2017-07-22,29,5,2,BB,0,2,0
90.0,75,2,0,0,0,0,0,2016-04-17,15,0,2,SC,0,0,0
75.0,46,2,0,0,0,0,0,2016-03-29,13,5,0,BB,0,1,0
164.0,117,2,0,0,0,0,0,2017-08-12,32,1,1,BB,0,1,0
130.0,184,2,0,0,0,0,0,2017-05-28,21,3,2,BB,0,0,1
48.0,0,2,0,0,0,0,0,2017-02-11,6,1,0,BB,0,2,0
141.0,27,2,0,0,0,0,0,2016-05-10,19,3,0,BB,0,0,1
75.51,4,2,0,0,0,0,0,2016-11-26,47,2,2,BB,0,0,0
146.7,119,3,0,0,0,0,0,2018-06-29,26,2,0,BB,0,2,0
90.95,185,2,0,0,0,0,0,2018-07-18,29,5,2,BB,0,0,1
81.08,58,2,0,0,0,0,0,2016-04-24,16,1,2,BB,0,0,0
50.0,0,1,0,1,5,0,5,2016-11-23,47,4,0,BB,0,2,0
92.4,4,1,0,0,0,0,0,2015-10-11,41,3,2,BB,0,0,0
95.0,192,2,0,0,0,0,0,2016-10-21,42,2,0,BB,0,0,0
90.0,3,1,0,0,0,0,0,2015-11-01,44,1,2,BB,0,0,0
37.0,163,1,0,0,0,0,0,2017-02-28,9,5,0,BB,0,0,0
80.0,52,1,0,0,0,0,0,2017-03-13,11,1,1,BB,0,0,1
59.0,372,1,0,0,0,0,0,2016-07-14,28,1,0,BB,0,0,1
160.0,24,2,0,0,0,0,0,2017-05-29,22,3,1,BB,0,2,1
115.0,0,2,0,0,0,0,0,2015-08-10,33,0,1,BB,0,1,0
75.2,7,1,0,0,0,0,0,2016-11-24,47,1,0,BB,0,0,0
78.6,143,3,0,0,0,0,0,2015-07-09,28,3,1,BB,0,2,0
126.0,180,2,0,0,0,0,0,2017-05-29,22,2,1,BB,0,0,1
114.4,405,2,0,0,0,0,0,2017-07-04,27,2,0,HB,0,0,0
108.0,45,2,0,0,0,0,0,2017-06-28,26,2,0,BB,0,0,0
133.33,21,1,0,0,0,0,0,2017-06-01,22,3,0,SC,0,0,1
75.0,46,2,1,0,0,0,0,2018-03-29,13,5,0,BB,0,2,0
110.5,69,2,1,0,0,0,0,2016-04-23,16,2,2,BB,0,1,0
90.0,13,2,0,0,0,0,0,2015-08-24,35,2,1,BB,0,2,0
116.1,185,2,0,0,0,0,0,2016-09-29,39,3,2,BB,0,2,0
103.05,217,2,0,0,0,0,0,2017-04-08,14,3,2,BB,0,2,1
85.0,211,2,0,0,0,0,0,2016-05-14,19,1,1,HB,0,0,0
80.0,21,2,0,0,0,0,0,2017-02-20,8,1,1,SC,0,0,0
104.0,11,2,0,0,0,0,0,2016-12-16,50,1,0,BB,0,1,0
60.0,164,2,0,0,1,1,0,2015-08-14,33,1,0,BB,0,0,1
68.88,352,1,0,0,0,0,0,2017-06-04,22,2,2,BB,0,0,1
97.0,17,2,0,0,0,0,0,2017-12-28,52,0,1,BB,0,2,0
72.0,214,2,0,0,0,0,0,2016-09-05,36,6,3,BB,0,1,0
43.5,48,2,0,0,0,0,0,2017-11-10,45,4,0,BB,0,0,0
160.0,104,1,0,0,0,0,0,2017-05-15,20,2,1,BB,0,0,1
65.0,0,1,0,1,28,2,26,2018-03-14,11,2,1,BB,0,0,0
139.0,3,2,0,0,0,0,0,2018-03-25,12,2,0,RO,0,0,0
37.8,80,2,0,0,0,0,0,2016-11-17,46,3,1,BB,0,1,1
72.0,225,2,0,0,0,0,0,2016-05-26,21,3,1,BB,1,0,0
120.0,183,1,0,0,0,0,0,2017-06-08,23,2,0,BB,0,0,1
125.1,40,2,0,0,0,0,0,2016-08-05,31,2,2,BB,0,1,0
69.54,140,2,0,0,0,0,0,2016-10-04,40,5,2,BB,0,1,0
94.5,103,2,0,0,0,0,0,2015-07-18,29,1,2,HB,0,0,1
105.0,37,2,0,0,0,0,0,2018-10-13,41,3,0,BB,0,0,0
101.5,257,2,0,0,0,0,0,2015-07-01,27,2,0,HB,0,0,0
115.04,58,2,0,0,0,0,0,2018-09-27,39,2,0,BB,0,2,0
101.0,29,2,0,0,0,0,0,2018-04-18,16,0,1,BB,0,1,0
124.04,58,2,0,0,0,0,0,2016-09-14,37,2,0,BB,0,1,0
12.0,186,2,0,0,0,0,0,2017-08-31,35,3,0,BB,0,2,0
66.0,12,1,0,0,0,0,0,2016-01-24,3,1,2,BB,0,1,0
110.5,160,2,1,0,0,0,0,2016-07-18,29,3,1,BB,0,2,1
74.5,0,2,0,0,0,0,0,2017-05-12,19,1,0,BB,1,1,0
99.9,63,2,0,0,0,0,0,2018-06-20,25,2,1,BB,0,1,0
43.2,0,1,0,0,0,0,0,2017-02-14,7,1,0,BB,0,0,0
115.2,36,2,1,0,0,0,0,2018-03-24,12,1,0,BB,0,0,1
90.67,57,2,0,0,0,0,0,2016-06-10,23,2,1,BB,0,1,0
112.1,10,2,0,0,0,0,0,2015-12-05,49,1,2,BB,0,0,0
115.0,0,2,0,0,0,0,0,2016-07-17,28,0,1,BB,0,0,0
85.0,92,2,0,0,0,0,0,2017-03-15,11,3,0,BB,0,0,1
80.09,264,1,0,0,0,0,0,2017-07-12,28,4,1,SC,0,2,1
48.0,39,2,0,0,0,0,0,2017-02-11,6,1,0,BB,0,1,1
61.0,16,2,0,0,0,0,0,2016-10-09,40,0,2,BB,1,0,0
89.1,156,2,0,0,0,0,0,2017-07-16,28,1,2,SC,0,0,1
119.0,35,2,0,0,0,0,0,2017-05-13,19,3,2,BB,0,1,0
104.0,24,1,0,0,0,0,0,2018-12-18,51,1,2,BB,0,1,0
269.0,58,2,0,0,0,0,0,2016-08-16,33,5,1,BB,0,1,0
86.36,136,1,1,0,0,0,0,2018-08-11,32,3,2,BB,0,1,0
113.7,91,3,0,0,0,0,0,2016-10-23,42,4,2,BB,0,1,0
109.0,273,2,0,0,0,0,0,2015-07-17,29,2,0,HB,0,0,0
100.0,27,2,0,0,0,0,0,2016-11-02,44,3,0,SC,0,1,0
86.4,57,1,0,0,0,0,0,2016-11-18,46,2,1,BB,0,1,1
40.0,32,1,0,0,0,0,0,2015-11-11,46,4,0,BB,0,0,1
105.11,13,2,1,0,0,0,0,2016-05-23,21,2,1,SC,0,2,0
74.39,117,2,0,0,0,0,0,2016-05-15,19,7,4,HB,0,0,0
62.0,294,2,0,0,1,1,0,2015-08-07,32,2,0,BB,0,0,1
110.0,316,2,0,0,0,0,0,2016-05-26,21,3,0,BB,0,0,0
117.0,207,2,0,0,0,0,0,2017-05-19,20,2,2,HB,0,1,1
105.0,37,2,0,0,0,0,0,2018-10-13,41,3,0,BB,0,0,0
93.6,93,2,0,0,0,0,0,2017-02-26,8,1,2,BB,0,0,0
37.8,202,2,0,0,0,0,0,2016-11-12,45,2,2,BB,0,2,0
131.25,177,2,0,0,0,0,0,2017-07-01,26,5,2,HB,0,1,0
150.0,43,1,0,0,0,0,0,2016-09-09,36,2,0,BB,0,0,1
112.5,42,1,0,0,0,0,0,2016-04-01,13,2,1,BB,0,1,0
67.32,24,2,0,0,0,0,0,2017-02-06,6,5,1,SC,0,0,1
171.0,6,2,1,0,0,0,0,2016-08-07,31,0,1,BB,0,2,1
101.5,39,2,0,0,0,0,0,2015-08-14,33,2,0,HB,0,0,1
156.0,29,2,0,0,0,0,0,2017-07-28,30,2,1,BB,0,1,1
106.0,74,2,0,0,0,0,0,2015-12-04,49,2,2,BB,0,0,0
165.8,4,2,0,0,0,0,0,2016-07-13,28,4,1,BB,0,1,0
223.0,22,2,2,0,0,0,0,2017-03-04,9,2,2,BB,0,0,0
107.1,253,2,0,0,0,0,0,2017-08-01,31,3,0,BB,0,1,1
141.14,123,2,0,0,0,0,0,2017-06-10,23,10,4,BB,0,0,0
82.0,2,2,0,0,0,0,0,2016-02-10,6,3,0,BB,0,0,0
94.5,124,2,0,0,0,0,0,2015-08-08,32,1,2,HB,0,0,0
109.8,258,2,0,0,0,0,0,2017-04-13,15,3,2,BB,0,1,0
117.0,9,2,0,0,0,0,0,2018-02-17,7,3,0,HB,0,0,0
61.0,116,1,0,0,0,0,0,2016-02-28,8,1,2,BB,0,0,1
59.0,337,1,0,0,0,0,0,2016-06-09,23,1,0,BB,0,0,1
119.25,181,2,0,0,0,0,0,2017-08-30,35,4,0,SC,0,2,0
80.24,111,2,0,0,0,0,0,2018-06-07,23,4,0,BB,0,0,0
129.72,205,3,0,0,0,0,0,2017-07-06,27,3,0,HB,0,2,0
132.67,41,2,0,0,0,0,0,2018-10-26,43,3,0,BB,0,2,0
180.67,22,3,0,0,0,0,0,2015-07-09,28,3,0,HB,1,5,0
90.0,104,2,0,0,0,0,0,2015-08-30,35,1,2,HB,0,0,1
121.48,97,2,1,0,0,0,0,2017-06-25,25,1,2,BB,0,0,0
100.0,180,2,0,0,0,0,0,2016-05-02,18,1,1,BB,0,1,0
95.0,27,2,0,0,0,0,0,2016-10-28,43,1,0,BB,0,2,0
90.0,25,1,0,0,1,1,0,2015-12-08,50,2,0,BB,0,0,1
85.93,149,1,0,0,0,0,0,2017-07-10,28,2,1,BB,0,0,0
66.0,385,2,0,0,0,0,0,2016-09-21,38,4,0,BB,0,0,1
158.0,18,3,0,0,0,0,0,2017-03-06,10,2,1,BB,0,0,0
349.0,97,2,0,1,1,0,1,2017-08-08,32,5,2,HB,0,2,0
0.0,10,2,0,0,0,0,0,2015-08-21,34,1,0,BB,0,2,0
91.0,1,2,0,0,0,0,0,2016-02-27,8,1,0,BB,0,1,0
152.5,197,2,0,0,0,0,0,2017-07-19,29,3,0,BB,0,0,1
91.38,8,2,0,0,0,0,0,2018-11-23,47,4,0,BB,0,1,0
89.0,4,1,0,0,0,0,0,2016-04-18,16,0,1,SC,0,1,0
92.65,144,2,0,0,0,0,0,2016-08-03,31,4,1,BB,0,0,0
197.7,32,2,2,0,0,0,0,2018-09-24,39,1,2,BB,0,2,0
231.0,90,2,0,0,0,0,0,2016-08-15,33,5,1,HB,0,0,1
36.13,177,2,0,0,0,0,0,2015-09-27,39,5,2,BB,0,0,0
130.0,96,2,0,0,0,0,0,2017-04-26,17,2,0,BB,0,0,1
89.0,59,2,0,0,0,0,0,2016-10-05,40,4,0,BB,0,1,1
113.87,70,2,1,0,0,0,0,2018-12-08,49,3,0,BB,0,2,0
65.0,50,2,0,0,0,0,0,2016-03-31,13,3,0,BB,0,1,0
86.55,81,3,0,0,0,0,0,2016-03-09,10,3,0,HB,0,0,0
89.0,304,2,0,0,0,0,0,2016-11-03,44,3,0,BB,0,0,1
106.2,200,2,0,0,0,0,0,2018-05-02,18,3,1,BB,0,2,1
71.0,134,2,0,0,0,0,0,2018-04-19,16,4,0,BB,0,1,0
136.0,36,2,0,0,0,0,0,2017-05-04,18,3,0,HB,0,1,0
96.3,217,2,0,0,0,0,0,2018-08-10,32,2,0,BB,0,0,1
93.6,56,2,0,0,0,0,0,2017-03-31,13,2,0,SC,0,2,0
87.55,124,2,0,0,0,0,0,2018-04-14,15,3,1,BB,0,0,1
159.3,58,3,0,0,0,0,0,2018-05-18,20,1,0,BB,0,0,1
194.64,82,1,1,0,0,0,0,2015-08-02,31,5,2,HB,0,2,0
121.5,91,2,1,0,0,0,0,2016-10-07,40,1,0,BB,0,2,1
65.0,3,1,0,0,0,0,0,2017-10-18,42,0,2,BB,0,0,0
71.19,10,2,0,0,0,0,0,2017-01-06,1,2,2,SC,0,0,1
135.9,75,2,0,0,0,0,0,2018-09-26,39,2,1,BB,0,3,0
259.0,86,2,0,0,0,0,0,2016-08-24,34,4,0,BB,0,1,0
179.1,230,2,2,0,0,0,0,2017-07-19,29,3,0,BB,0,0,1
73.0,272,2,0,0,0,0,0,2015-09-30,40,3,0,HB,0,0,0
200.0,71,3,0,0,0,0,0,2017-07-07,27,2,1,BB,0,1,0
88.0,36,2,0,0,0,0,0,2017-01-04,1,2,0,SC,0,1,0
292.0,333,2,1,0,0,0,0,2017-08-05,31,3,2,HB,0,1,1
90.0,102,1,0,0,0,0,0,2017-04-24,17,3,1,BB,0,0,0
62.8,393,2,0,0,0,0,0,2016-03-19,11,1,2,BB,0,0,1
65.7,165,2,0,0,0,0,0,2016-05-06,18,2,1,BB,0,0,1
194.0,0,2,0,0,0,0,0,2017-08-15,33,1,0,BB,0,0,0
112.0,59,2,0,0,0,0,0,2015-12-27,52,1,2,BB,0,0,0
51.0,57,1,0,0,0,0,0,2017-03-11,10,5,2,HB,0,0,1
168.3,42,3,0,0,0,0,0,2018-08-23,34,5,0,BB,0,0,0
122.4,73,2,0,0,0,0,0,2018-06-04,23,1,1,BB,0,2,0
72.25,160,2,0,0,0,0,0,2018-08-07,32,0,2,BB,0,1,0
141.0,6,2,0,0,0,0,0,2018-06-27,26,3,1,BB,0,1,0
133.33,51,2,0,0,0,0,0,2017-06-27,26,3,0,BB,0,1,1
60.0,2,2,0,0,0,0,0,2017-02-15,7,1,0,BB,0,0,0
94.0,4,1,0,0,0,0,0,2017-05-29,22,1,1,BB,0,0,0
108.0,4,2,0,0,0,0,0,2016-02-26,8,2,1,BB,0,0,0
106.3,252,2,0,0,0,0,0,2016-10-15,41,1,2,BB,0,0,0
200.0,51,3,0,0,0,0,0,2017-06-20,25,2,0,BB,0,1,1
209.0,78,3,0,0,0,0,0,2017-08-16,33,2,0,BB,1,2,0
130.1,100,3,0,0,0,0,0,2015-07-08,28,7,2,BB,0,3,0
60.0,56,2,0,0,0,0,0,2017-02-01,5,3,0,BB,0,0,1
130.0,48,2,0,0,0,0,0,2016-09-14,37,2,0,BB,0,0,0
126.9,52,2,0,0,0,0,0,2016-05-12,19,3,0,BB,0,0,1
171.0,47,3,0,0,0,0,0,2017-04-24,17,1,1,BB,0,0,1
138.21,138,2,0,0,0,0,0,2017-07-20,29,5,2,BB,0,0,0
62.0,325,2,0,0,1,1,0,2015-09-07,37,1,1,BB,0,0,1
100.0,285,2,0,0,0,0,0,2018-10-03,40,3,1,BB,0,0,1
89.0,37,1,0,0,0,0,0,2018-05-18,20,2,0,BB,0,0,1
116.5,178,2,0,0,0,0,0,2017-08-20,33,2,2,BB,0,0,0
62.0,100,2,0,0,0,0,0,2015-10-31,44,1,1,BB,0,0,1
48.0,1,2,0,0,0,0,0,2016-03-30,13,1,0,BB,0,0,0
140.0,51,2,0,0,0,0,0,2017-07-28,30,2,0,SC,0,1,0
104.0,22,2,0,0,0,0,0,2016-11-27,47,0,1,BB,0,1,0
74.15,304,2,0,0,0,0,0,2018-10-21,42,2,1,BB,0,0,1
155.7,54,2,0,0,0,0,0,2016-10-24,43,3,1,BB,1,1,0
170.0,211,2,0,0,0,0,0,2017-08-03,31,3,1,BB,0,0,1
168.0,11,3,0,0,0,0,0,2017-03-25,12,1,0,BB,0,1,1
134.5,47,1,0,0,0,0,0,2017-05-15,20,2,1,HB,0,0,0
119.0,29,2,0,0,0,0,0,2016-10-19,42,4,0,SC,0,2,1
93.5,170,2,0,0,0,0,0,2016-06-03,22,5,2,BB,1,2,0
76.6,52,2,0,0,0,0,0,2016-10-16,41,3,2,BB,0,3,0
188.0,10,2,1,0,0,0,0,2017-03-03,9,2,0,BB,0,0,1
0.0,64,2,0,0,0,0,0,2016-10-15,41,1,0,BB,0,1,1
100.0,2,2,0,0,0,0,0,2016-05-19,20,2,0,BB,0,0,1
67.5,3,1,0,0,0,0,0,2015-12-22,52,7,2,BB,0,0,0
32.5,45,2,0,0,0,0,0,2016-06-17,24,2,1,BB,0,1,0
120.0,178,2,0,0,1,1,0,2016-04-28,17,3,0,BB,0,0,1
91.0,2,2,0,0,0,0,0,2016-04-22,16,2,0,BB,1,0,0
91.0,17,2,0,0,0,0,0,2016-02-19,7,2,0,BB,0,0,0
115.0,213,2,0,0,0,0,0,2017-06-26,26,1,1,BB,0,0,1
75.0,34,1,0,0,0,0,0,2017-01-18,3,1,0,BB,0,0,0
134.62,59,2,2,0,0,0,0,2018-12-22,51,2,0,BB,0,1,0
79.85,26,2,0,0,0,0,0,2017-10-04,40,3,2,BB,0,1,1
95.0,37,1,0,0,0,0,0,2018-10-13,41,3,0,BB,0,0,0
87.0,39,1,0,0,0,0,0,2017-08-14,33,2,0,HB,0,0,0
100.0,4,2,0,0,0,0,0,2016-12-04,48,0,1,BB,0,0,0
96.3,82,2,0,0,0,0,0,2018-06-26,26,0,1,BB,0,1,0
65.0,12,1,0,1,1,0,1,2015-11-25,48,1,0,BB,0,0,0
65.0,30,2,0,0,0,0,0,2016-12-28,52,2,0,BB,0,0,0
266.3,114,2,3,0,0,0,0,2016-08-02,31,2,0,BB,0,0,1
62.16,18,1,0,0,0,0,0,2015-11-07,45,3,2,BB,1,0,0
126.67,41,2,0,0,0,0,0,2017-06-08,23,3,0,SC,0,1,1
168.3,48,3,0,0,0,0,0,2016-08-24,34,4,0,BB,0,1,0
102.6,36,1,0,0,0,0,0,2018-10-13,41,1,0,RO,0,2,0
87.0,23,1,0,0,0,0,0,2016-01-02,53,1,2,HB,0,0,0
66.0,363,2,0,0,0,0,0,2016-10-11,41,5,1,BB,0,0,0
80.1,156,2,0,0,0,0,0,2017-06-30,26,4,2,BB,0,0,0
237.33,28,3,1,0,0,0,0,2016-07-14,28,3,0,BB,0,0,1
91.46,163,2,0,0,0,0,0,2015-09-03,36,5,2,BB,0,1,0
88.4,63,2,0,0,0,0,0,2018-11-17,46,3,1,BB,0,2,0
155.7,135,3,0,0,0,0,0,2016-08-09,32,3,0,BB,1,1,0
70.0,180,2,0,0,0,0,0,2015-10-16,42,1,0,BB,0,0,1
130.0,7,1,0,0,0,0,0,2017-06-27,26,2,0,SC,0,0,0
48.0,73,2,0,0,0,0,0,2016-02-26,8,1,0,BB,0,2,1
75.0,134,1,0,0,0,0,0,2017-02-25,8,1,0,BB,0,0,0
120.0,71,1,0,0,0,0,0,2016-06-14,24,3,0,BB,0,0,1
140.7,128,3,0,0,0,0,0,2018-08-04,31,3,0,BB,0,1,0
80.0,151,1,0,0,0,0,0,2018-01-19,3,3,0,BB,0,0,0
121.0,109,2,0,0,0,0,0,2017-05-06,18,2,2,HB,0,1,1
128.4,169,2,1,0,0,0,0,2016-07-24,29,1,2,BB,0,2,0
65.0,95,2,0,0,0,0,0,2016-05-29,21,0,2,BB,0,1,0
88.0,0,1,0,0,0,0,0,2017-02-09,6,1,0,SC,0,1,0
74.25,33,2,0,0,0,0,0,2017-12-10,49,3,1,RO,0,0,0
128.83,172,1,0,0,0,0,0,2017-08-06,31,10,4,BB,0,1,1
115.0,377,2,0,0,0,0,0,2016-10-14,41,2,0,HB,0,1,0
118.8,91,2,0,0,0,0,0,2016-10-08,40,2,2,BB,0,1,1
66.29,81,2,0,0,0,0,0,2015-09-27,39,5,2,BB,0,0,1
0.0,0,2,1,1,0,0,0,2016-12-06,49,0,0,SC,0,1,0
87.0,102,1,0,0,0,0,0,2017-10-16,42,2,0,HB,0,0,0
59.71,203,2,0,0,0,0,0,2017-05-25,21,5,2,BB,0,0,0
51.75,165,2,0,0,0,0,0,2015-09-11,37,7,3,BB,0,0,0
120.0,20,2,0,0,0,0,0,2017-05-24,21,1,0,BB,0,0,1
54.0,28,2,1,0,0,0,0,2016-12-16,50,2,0,BB,1,1,0
42.0,0,1,0,0,0,0,0,2015-11-17,47,4,0,HB,0,0,0
80.0,1,2,1,0,0,0,0,2016-03-02,9,2,0,BB,0,0,0
144.0,62,2,0,0,0,0,0,2017-05-20,20,1,2,SC,0,2,0
85.67,73,2,0,0,0,0,0,2015-11-24,48,3,0,BB,0,0,0
120.0,181,1,0,0,0,0,0,2016-10-11,41,2,0,BB,0,0,0
75.0,32,2,0,0,0,0,0,2016-04-02,13,5,2,BB,0,1,0
116.1,125,2,0,0,0,0,0,2018-06-09,23,1,0,RO,0,0,0
80.75,157,2,0,0,0,0,0,2016-08-28,34,2,2,BB,0,2,0
90.9,50,2,0,0,0,0,0,2018-03-28,13,0,1,BB,0,1,0
93.2,179,1,0,0,0,0,0,2016-06-11,23,5,2,HB,0,2,0
186.3,155,2,1,0,0,0,0,2018-08-16,33,2,0,BB,0,0,1
44.64,11,2,0,0,0,0,0,2017-03-26,12,4,2,BB,0,0,1
64.72,38,2,1,0,0,0,0,2015-10-31,44,4,2,BB,0,1,0
147.0,2,3,0,0,0,0,0,2018-03-27,13,2,2,BB,0,2,0
66.15,197,2,0,0,0,0,0,2015-09-15,38,8,2,BB,0,0,0
83.5,6,1,0,0,0,0,0,2016-12-27,52,4,0,BB,0,0,0
126.6,71,2,0,0,2,1,1,2016-07-14,28,8,3,HB,0,1,1
58.5,294,2,0,0,0,0,0,2016-09-21,38,4,0,HB,0,0,0
158.0,25,3,0,0,0,0,0,2017-02-25,8,1,1,BB,0,0,1
80.1,198,2,0,0,0,0,0,2017-08-11,32,2,0,BB,0,0,0
128.25,64,2,0,0,0,0,0,2015-07-18,29,5,2,BB,0,1,0
150.25,2,1,0,0,0,0,0,2017-09-13,37,5,3,BB,0,0,0
149.4,64,2,0,0,0,0,0,2016-09-16,37,2,0,BB,0,1,0
30.0,17,2,0,0,0,0,0,2016-01-29,4,2,0,BB,0,0,0
35.11,0,2,0,1,0,0,0,2017-02-11,6,1,0,BB,0,1,0
101.33,271,2,0,0,0,0,0,2018-09-21,38,3,0,BB,0,1,1
94.5,2,2,0,0,0,0,0,2015-08-01,31,1,2,HB,0,0,1
62.0,25,2,0,0,0,0,0,2015-07-27,31,1,1,BB,0,0,1
235.6,52,2,0,0,0,0,0,2017-07-31,31,1,1,HB,0,1,0
175.5,177,3,0,0,0,0,0,2017-08-08,32,2,0,BB,0,0,1
65.0,34,1,0,0,0,0,0,2016-11-27,47,1,2,BB,0,0,0
85.0,96,2,0,0,0,0,0,2018-08-28,35,1,2,HB,0,0,0
115.0,256,2,0,0,0,0,0,2016-06-15,24,2,0,HB,0,1,0
62.0,278,2,0,0,1,1,0,2015-07-22,30,2,0,BB,0,0,1
62.0,313,2,0,0,1,1,0,2015-08-26,35,2,0,BB,0,0,1
81.0,18,2,0,0,0,0,0,2018-02-26,9,2,0,RO,0,0,0
90.0,333,2,0,0,1,1,0,2016-09-20,38,2,0,BB,0,0,1
141.5,184,2,0,0,0,0,0,2017-08-08,32,2,0,BB,0,0,0
118.8,10,2,0,0,0,0,0,2016-03-01,9,5,0,BB,0,0,0
38.0,292,2,0,0,0,0,0,2016-11-03,44,1,0,BB,0,0,1
214.0,26,3,0,0,0,0,0,2017-04-22,16,1,2,BB,0,2,0
160.2,60,2,0,0,0,0,0,2017-04-10,15,2,1,HB,0,0,0
88.76,124,2,0,0,0,0,0,2016-06-30,26,2,0,BB,0,1,0
171.0,47,2,0,0,0,0,0,2015-09-05,36,4,2,FB,0,2,0
99.45,149,2,0,0,0,0,0,2016-07-12,28,4,0,BB,0,1,0
160.0,164,1,0,0,0,0,0,2017-05-15,20,2,1,BB,0,0,1
90.95,89,2,0,0,0,0,0,2018-04-10,15,3,2,BB,0,1,0
139.0,13,2,0,0,0,0,0,2017-04-10,15,0,1,BB,0,0,0
124.0,12,2,0,0,0,0,0,2015-09-14,38,2,1,BB,0,3,0
94.5,273,2,0,0,0,0,0,2016-06-24,25,2,1,BB,0,0,1
50.0,3,1,0,1,2,0,2,2017-01-12,2,1,0,BB,1,2,0
204.62,306,2,2,0,0,0,0,2017-07-29,30,5,2,BB,0,1,1
109.65,27,2,0,0,0,0,0,2016-06-15,24,3,0,BB,0,0,1
141.1,7,2,0,0,0,0,0,2016-08-19,33,1,0,BB,0,1,0
95.0,192,1,0,0,0,0,0,2016-06-24,25,2,0,BB,0,0,0
93.6,87,2,0,0,0,0,0,2018-12-16,50,2,0,BB,0,2,0
119.0,37,1,0,0,0,0,0,2018-10-27,43,3,0,BB,0,1,0
61.0,276,2,0,0,0,0,0,2018-05-13,19,3,2,BB,0,0,1
150.0,147,2,1,0,0,0,0,2016-07-18,29,3,1,HB,0,2,0
160.0,42,2,0,0,0,0,0,2017-05-21,20,2,2,SC,0,1,0
97.82,47,2,0,0,0,0,0,2018-10-16,42,3,2,BB,0,1,0
113.0,69,2,0,0,0,0,0,2015-09-06,36,5,2,BB,1,3,0
64.9,245,2,0,0,0,0,0,2016-06-09,23,10,4,BB,0,0,0
154.29,4,2,0,0,0,0,0,2017-04-10,15,5,2,SC,0,1,0
60.0,1,1,0,0,0,0,0,2018-02-28,9,1,2,BB,0,0,1
85.0,114,2,0,0,0,0,0,2016-02-26,8,4,2,BB,0,1,0
122.0,351,2,0,0,0,0,0,2017-05-25,21,5,2,HB,0,2,1
111.0,0,3,0,0,0,0,0,2016-02-16,7,1,0,BB,0,0,0
35.1,72,1,0,0,0,0,0,2016-04-09,14,5,2,BB,0,0,0
81.8,18,1,0,0,0,0,0,2016-02-06,5,1,2,BB,0,1,0
126.01,2,3,0,0,0,0,0,2017-01-15,2,2,2,BB,0,3,1
120.0,181,1,0,0,0,0,0,2018-10-11,41,2,0,BB,0,0,1
80.0,4,2,0,1,1,0,1,2016-04-30,17,1,0,BB,0,2,0
72.25,210,2,0,0,0,0,0,2016-08-15,33,5,2,BB,0,0,0
100.0,154,2,0,0,0,0,0,2016-09-28,39,5,2,BB,1,2,0
119.33,0,1,0,0,0,0,0,2018-05-30,22,2,1,BB,0,1,0
90.9,162,2,0,0,0,0,0,2016-10-25,43,4,0,BB,0,1,0
135.0,25,2,0,0,0,0,0,2016-09-15,37,3,2,SC,0,1,1
122.16,6,3,0,0,0,0,0,2018-04-21,16,3,0,BB,0,1,0
89.0,542,2,0,0,0,0,0,2016-09-26,39,5,2,HB,0,2,0
87.78,13,2,0,0,0,0,0,2018-10-25,43,3,0,RO,0,1,0
58.45,19,1,0,0,0,0,0,2016-11-14,46,3,1,BB,0,1,0
100.3,33,2,0,0,0,0,0,2017-03-05,9,3,2,BB,0,1,0
60.0,16,1,0,0,0,0,0,2015-08-08,32,2,2,BB,0,0,0
146.56,53,2,0,0,0,0,0,2015-07-27,31,5,2,HB,0,1,0
107.0,122,2,0,0,0,0,0,2018-03-27,13,1,2,HB,0,1,0
85.0,157,2,0,0,0,0,0,2017-06-25,25,4,2,BB,0,0,0
95.5,423,1,0,0,0,0,0,2017-07-22,29,1,1,HB,0,0,0
89.0,305,2,0,0,0,0,0,2016-11-04,44,2,1,BB,0,0,1
60.0,605,2,0,0,0,0,0,2016-10-17,42,2,1,BB,0,0,1
147.5,14,2,0,0,0,0,0,2018-04-29,17,2,2,BB,0,0,1
175.5,34,1,0,0,0,0,0,2016-10-13,41,2,0,BB,0,0,0
80.0,61,2,0,0,0,0,0,2017-01-25,4,2,0,BB,0,0,1
33.3,57,2,0,0,0,0,0,2016-12-07,49,4,0,BB,0,0,1
75.0,76,2,0,0,0,0,0,2016-12-07,49,2,0,BB,0,1,0
65.0,309,2,0,0,0,0,0,2016-05-13,19,2,1,BB,0,0,0
85.0,26,2,0,0,0,0,0,2018-10-16,42,0,2,BB,0,0,0
79.6,30,2,0,0,0,0,0,2016-01-31,4,0,2,BB,0,1,0
103.7,181,2,0,0,0,0,0,2016-07-26,30,4,0,BB,0,1,0
155.0,5,2,0,0,0,0,0,2018-08-22,34,4,1,BB,0,2,0
40.0,4,1,0,0,0,0,0,2015-09-15,38,2,0,BB,0,0,0
84.0,1,2,0,0,0,0,0,2015-12-01,49,1,0,BB,1,1,0
75.0,34,1,0,0,0,0,0,2017-01-18,3,1,0,BB,0,0,0
105.0,14,2,0,0,0,0,0,2018-07-21,29,2,0,BB,0,0,0
125.0,127,2,0,0,0,0,0,2017-08-09,32,2,0,SC,0,1,0
144.9,29,2,0,0,0,0,0,2015-09-03,36,3,1,HB,0,2,0
76.5,112,2,0,0,0,0,0,2017-07-22,29,4,0,BB,0,0,1
90.95,38,1,0,0,0,0,0,2018-08-21,34,0,2,BB,0,0,0
209.0,17,2,0,0,0,0,0,2016-07-24,29,5,2,BB,0,1,0
62.0,290,2,0,0,1,1,0,2015-08-03,32,3,1,BB,0,0,1
134.0,65,2,0,0,0,0,0,2018-08-26,34,2,2,BB,0,0,0
91.0,21,2,0,0,0,0,0,2018-03-07,10,0,1,BB,0,0,1
161.1,49,2,1,0,0,0,0,2018-08-21,34,0,2,BB,0,1,0
178.5,156,3,0,0,0,0,0,2017-06-08,23,3,0,BB,0,1,0
81.0,4,2,0,0,0,0,0,2016-06-04,22,1,0,BB,1,0,0
62.0,573,2,0,0,0,0,0,2017-02-02,5,2,0,BB,0,0,1
159.0,0,1,0,0,0,0,0,2017-05-17,20,1,0,SC,0,0,0
82.0,47,2,0,0,0,0,0,2016-12-24,51,1,2,BB,0,1,0
128.4,45,2,0,0,0,0,0,2018-06-08,23,3,0,BB,0,0,0
90.0,233,2,0,0,0,0,0,2016-10-14,41,2,1,BB,0,0,1
199.0,35,1,0,0,0,0,0,2016-11-07,45,3,1,BB,0,2,0
37.33,6,1,0,0,0,0,0,2017-11-22,47,1,2,BB,0,0,0
96.0,226,2,0,0,0,0,0,2016-08-27,34,1,1,HB,0,0,1
130.0,246,2,0,0,0,0,0,2017-06-02,22,2,1,BB,0,0,1
51.0,5,1,0,0,0,0,0,2016-03-01,9,1,0,BB,0,0,0
96.9,107,3,0,0,0,0,0,2016-08-20,33,1,2,HB,0,0,1
90.0,31,2,1,0,0,0,0,2017-10-26,43,2,1,BB,0,1,0
55.0,0,2,0,0,0,0,0,2016-03-11,10,1,0,BB,0,0,0
238.0,119,2,2,0,0,0,0,2017-06-24,25,5,2,HB,0,0,1
99.45,158,2,0,0,0,0,0,2016-07-03,26,3,2,BB,0,1,0
96.5,147,2,0,0,0,0,0,2016-04-04,14,3,1,BB,0,1,1
65.0,1,1,0,1,9,0,9,2016-05-03,18,3,0,BB,0,1,0
92.65,322,2,1,0,0,0,0,2017-02-05,5,4,2,BB,0,1,0
189.0,111,3,0,0,0,0,0,2016-07-23,29,3,2,HB,0,1,0
141.78,132,2,0,0,0,0,0,2017-07-29,30,6,3,BB,0,2,0
95.4,190,2,0,0,0,0,0,2016-05-05,18,3,0,BB,0,1,0
77.5,148,2,0,0,0,0,0,2015-12-31,53,3,1,BB,0,0,1
80.3,49,2,0,0,0,0,0,2016-03-04,9,2,1,BB,0,1,0
56.0,11,2,0,0,0,0,0,2016-10-09,40,0,1,BB,1,1,0
262.0,98,2,0,0,0,0,0,2017-08-11,32,5,2,HB,0,2,1
70.0,31,1,0,0,0,0,0,2018-02-04,5,2,0,BB,0,0,1
107.0,142,2,0,0,0,0,0,2016-06-20,25,2,1,BB,0,0,0
111.59,171,2,0,0,0,0,0,2016-08-30,35,5,2,BB,0,0,1
89.1,277,2,0,0,0,0,0,2017-07-13,28,3,0,SC,0,1,0
62.0,414,2,0,0,1,1,0,2015-12-05,49,1,2,BB,0,0,1
70.0,98,1,0,0,0,0,0,2015-11-23,48,3,1,BB,0,0,0
106.8,28,2,0,0,0,0,0,2016-03-28,13,4,1,BB,1,0,0
66.0,168,2,0,0,0,0,0,2016-03-30,13,4,1,BB,0,0,0
30.0,312,2,0,0,0,0,0,2017-03-05,9,5,2,BB,0,0,1
168.3,209,2,2,0,0,0,0,2016-07-22,29,1,0,BB,0,0,0
62.0,295,2,0,0,1,1,0,2015-08-08,32,2,2,BB,0,0,1
92.0,4,1,0,0,0,0,0,2016-03-07,10,0,1,HB,0,0,0
85.0,168,2,0,0,0,0,0,2016-04-22,16,2,1,BB,0,0,1
131.4,68,2,0,0,0,0,0,2018-06-30,26,2,0,BB,0,1,1
168.3,80,3,0,0,0,0,0,2016-09-12,37,2,1,BB,0,0,1
95.0,0,2,0,1,3,0,3,2016-04-14,15,1,0,BB,1,0,0
86.4,58,1,0,0,0,0,0,2016-11-18,46,2,1,BB,0,3,1
56.0,8,1,0,0,0,0,0,2018-03-01,9,3,0,BB,0,0,0
66.0,364,2,0,0,0,0,0,2016-10-12,41,4,1,BB,0,0,0
130.0,186,2,0,0,0,0,0,2017-05-30,22,2,0,BB,0,0,1
126.0,7,2,0,0,0,0,0,2017-09-19,38,2,2,BB,0,1,0
40.0,0,2,0,0,1,0,1,2017-01-09,2,0,1,BB,0,0,0
240.0,149,2,0,0,0,0,0,2017-08-17,33,3,1,BB,0,2,1
162.0,151,3,0,0,0,0,0,2018-09-23,38,2,2,BB,0,2,1
62.0,339,2,0,0,1,1,0,2015-09-21,39,1,1,BB,0,0,1
53.55,319,1,0,0,0,0,0,2016-06-03,22,10,4,HB,0,1,0
137.0,230,2,0,0,0,0,0,2016-09-06,36,5,0,HB,0,0,1
138.67,0,2,0,0,0,0,0,2015-10-01,40,3,0,BB,0,0,0
75.0,140,2,0,0,0,0,0,2015-11-18,47,3,0,BB,0,0,1
94.07,238,2,0,0,0,0,0,2018-09-01,35,4,2,BB,0,1,0
89.1,118,2,0,0,0,0,0,2017-03-29,13,3,0,BB,0,0,0
114.34,84,3,0,0,0,0,0,2016-05-13,19,2,1,SC,0,2,0
197.1,270,2,1,0,0,0,0,2017-06-03,22,1,2,BB,0,1,1
64.76,155,2,0,0,0,0,0,2016-06-09,23,10,4,BB,0,1,0
123.68,175,3,0,0,0,0,0,2018-08-24,34,4,0,BB,0,0,1
65.0,39,2,0,0,0,0,0,2016-12-27,52,1,0,BB,0,1,0
149.0,6,2,0,0,0,0,0,2016-10-31,44,2,1,BB,0,2,0
56.0,150,2,0,0,0,0,0,2017-05-15,20,7,3,BB,0,0,0
48.0,11,2,0,0,0,0,0,2016-02-13,6,5,2,BB,0,2,0
139.05,162,3,0,0,0,0,0,2018-08-21,34,2,2,BB,1,2,1
142.45,36,2,0,0,0,0,0,2018-11-08,45,2,0,RO,0,1,0
62.0,374,2,0,0,1,1,0,2015-10-26,44,1,1,BB,0,0,1
86.4,102,1,0,0,0,0,0,2017-02-11,6,4,2,BB,0,1,1
127.0,19,2,0,0,0,0,0,2016-04-30,17,1,1,HB,0,0,1
94.5,96,2,0,0,0,0,0,2015-07-11,28,1,2,HB,0,0,1
231.0,27,2,2,0,0,0,0,2018-07-06,27,2,0,BB,0,0,1
91.8,6,1,0,0,0,0,0,2017-03-03,9,2,2,SC,0,0,1
206.0,22,3,1,0,0,0,0,2016-06-21,25,2,0,BB,1,1,0
139.5,225,2,0,0,0,0,0,2017-08-09,32,3,0,BB,1,0,0
96.0,3,1,0,0,0,0,0,2015-09-03,36,2,0,BB,0,0,0
62.0,27,2,0,0,0,0,0,2015-07-27,31,1,1,BB,0,0,1
108.0,45,2,0,0,0,0,0,2018-08-31,35,2,0,RO,0,1,0
65.0,7,1,0,1,3,1,2,2017-08-28,35,1,0,BB,0,0,0
74.8,82,2,1,0,0,0,0,2016-11-19,46,5,2,SC,0,3,0
106.2,45,2,0,0,0,0,0,2016-04-28,17,1,0,BB,0,1,0
147.0,9,3,0,0,0,0,0,2016-05-25,21,1,0,BB,0,2,0
114.3,127,2,0,0,0,0,0,2018-07-10,28,0,2,BB,0,1,0
121.5,61,1,1,0,0,0,0,2016-07-23,29,1,1,BB,0,0,1
84.0,98,1,0,0,0,0,0,2015-11-23,48,2,1,FB,0,0,1
125.0,129,2,0,0,0,0,0,2017-08-15,33,4,0,SC,0,2,0
67.95,130,2,0,0,0,0,0,2016-12-31,52,4,2,BB,0,3,1
100.0,112,2,0,0,0,0,0,2018-06-02,22,2,0,BB,0,0,0
100.0,171,2,0,0,0,0,0,2017-07-30,30,2,2,BB,0,0,1
62.73,169,2,0,0,0,0,0,2016-08-22,34,3,1,SC,0,0,1
73.0,66,2,0,0,0,0,0,2016-04-09,14,6,2,BB,0,1,0
120.0,178,2,0,0,1,1,0,2016-04-28,17,3,0,BB,0,0,1
230.0,34,2,0,0,0,0,0,2017-07-31,31,4,1,BB,1,1,0
88.33,4,2,0,0,0,0,0,2017-04-30,17,1,2,BB,0,0,0
36.0,153,1,0,0,0,0,0,2015-10-29,44,3,0,BB,0,0,0
124.0,0,2,0,0,0,0,0,2015-12-31,53,1,0,BB,1,0,0
54.0,238,2,0,0,0,0,0,2017-02-10,6,2,0,HB,0,0,1
76.5,104,1,0,0,0,0,0,2018-04-15,15,2,2,BB,0,0,1
112.2,88,2,0,0,0,0,0,2015-10-05,41,1,1,HB,0,0,0
82.45,96,2,0,0,0,0,0,2018-08-11,32,2,0,BB,0,0,0
95.0,37,1,0,0,0,0,0,2016-10-13,41,3,0,BB,0,0,1
73.0,147,2,0,0,0,0,0,2016-03-28,13,5,2,HB,0,0,0
99.45,192,2,0,0,0,0,0,2018-08-04,31,3,1,BB,0,0,1
63.75,2,2,0,0,0,0,0,2017-12-17,50,2,0,RO,0,1,0
232.0,122,2,0,0,0,0,0,2017-07-15,28,4,2,HB,0,2,1
209.4,82,2,0,0,0,0,0,2015-08-02,31,3,2,HB,1,2,0
80.0,245,2,0,0,1,1,0,2015-09-25,39,1,0,HB,0,0,1
89.0,10,2,0,0,0,0,0,2016-04-17,15,0,1,SC,0,0,1
179.0,0,2,0,0,0,0,0,2018-09-15,37,1,0,BB,0,2,0
130.5,125,2,1,0,0,0,0,2016-07-29,30,1,0,BB,0,1,0
56.0,11,2,0,0,0,0,0,2015-10-30,44,2,1,BB,1,1,0
195.0,2,2,0,0,0,0,0,2018-09-22,38,1,0,BB,0,1,0
151.0,4,1,0,0,0,0,0,2018-07-05,27,1,0,BB,0,1,0
70.0,323,2,0,0,0,0,0,2016-05-17,20,4,0,BB,0,0,1
95.0,65,2,0,0,0,0,0,2017-05-28,21,1,2,BB,0,2,0
173.7,48,2,0,0,0,0,0,2018-10-15,42,2,2,HB,0,2,0
29.0,0,2,0,0,0,0,0,2016-01-23,3,1,0,BB,0,0,0
71.28,88,2,0,0,0,0,0,2017-02-14,7,1,0,SC,0,1,1
46.0,0,1,0,0,0,0,0,2016-03-17,11,1,0,BB,1,0,0
75.0,2,2,0,1,3,0,3,2016-01-06,1,1,0,BB,0,0,0
103.5,174,2,0,0,0,0,0,2018-08-07,32,1,2,RO,0,1,1
100.75,256,2,0,0,0,0,0,2018-10-16,42,3,2,BB,0,0,1
26.1,2,2,0,0,0,0,0,2016-02-07,5,4,2,BB,0,0,0
95.0,6,2,0,0,0,0,0,2017-04-02,13,0,1,BB,0,1,0
114.0,4,2,0,0,0,0,0,2015-10-18,42,4,2,BB,0,0,0
75.0,245,2,0,0,0,0,0,2018-06-17,24,2,0,BB,0,0,1
79.2,175,2,0,0,0,0,0,2017-03-17,11,2,1,SC,0,1,1
98.1,4,1,0,0,0,0,0,2016-09-26,39,1,1,BB,0,0,1
92.65,61,3,0,0,0,0,0,2018-11-12,46,3,2,BB,0,2,0
130.5,99,2,0,0,0,0,0,2017-04-12,15,2,0,BB,1,0,0
86.4,3,2,0,0,0,0,0,2017-03-09,10,1,0,BB,0,0,0
149.4,202,3,0,0,0,0,0,2017-04-09,14,1,2,BB,0,2,0
84.6,164,1,0,0,0,0,0,2017-07-30,30,0,2,BB,0,1,0
85.0,57,2,0,0,0,0,0,2016-08-05,31,2,1,BB,0,0,0
77.25,24,2,0,0,0,0,0,2016-01-29,4,2,1,BB,0,1,1
80.0,333,1,0,0,1,1,0,2016-09-20,38,2,0,BB,0,0,1
126.9,144,2,0,0,0,0,0,2018-09-12,37,3,1,BB,0,3,0
75.0,134,1,0,0,0,0,0,2017-02-25,8,1,0,BB,0,0,1
330.0,33,2,2,0,0,0,0,2017-08-09,32,4,2,BB,0,1,0
120.0,317,2,0,0,0,0,0,2018-09-15,37,2,0,BB,0,0,1
168.3,69,3,0,0,0,0,0,2016-09-08,36,3,1,BB,0,2,0
138.5,165,2,1,0,0,0,0,2017-06-21,25,10,4,BB,0,1,0
42.43,78,2,0,0,0,0,0,2016-04-12,15,5,0,BB,0,2,0
62.0,16,2,0,0,0,0,0,2015-08-08,32,2,2,BB,0,0,0
96.0,104,2,0,0,0,0,0,2016-04-05,14,2,0,HB,0,0,1
67.43,162,2,0,0,0,0,0,2017-03-31,13,5,2,BB,0,0,1
50.0,0,2,0,1,2,0,2,2016-06-14,24,1,0,BB,0,0,0
169.2,55,3,0,0,0,0,0,2017-03-23,12,3,0,HB,0,3,1
75.0,22,2,0,0,0,0,0,2015-09-16,38,2,0,BB,0,0,0
156.0,17,2,0,0,0,0,0,2016-06-04,22,1,0,BB,0,1,0
88.0,0,2,0,0,0,0,0,2017-01-20,3,2,0,SC,0,0,0
210.0,188,3,0,0,0,0,0,2016-07-24,29,5,2,BB,0,0,0
77.33,2,2,0,0,0,0,0,2016-03-09,10,3,0,BB,1,1,0
190.0,40,3,0,0,0,0,0,2017-06-11,23,2,2,BB,0,1,1
87.31,355,2,0,0,0,0,0,2018-12-26,52,5,2,BB,0,0,1
130.67,87,2,0,0,0,0,0,2017-05-30,22,3,0,SC,0,0,1
133.95,23,3,0,0,0,0,0,2018-06-12,24,0,1,BB,1,0,0
80.0,103,2,0,0,0,0,0,2016-05-04,18,3,0,BB,0,0,0
76.5,35,2,0,0,0,0,0,2017-10-26,43,1,1,BB,0,1,0
80.1,0,2,0,0,0,0,0,2017-07-28,30,1,0,BB,0,0,0
133.33,56,1,0,0,0,0,0,2017-07-08,27,1,2,BB,0,1,0
151.0,16,2,0,0,0,0,0,2018-06-30,26,5,2,BB,0,1,0
44.8,73,2,0,0,1,1,0,2016-01-29,4,2,0,BB,0,1,1
107.41,54,2,0,0,1,0,1,2016-10-15,41,1,1,BB,0,1,0
105.3,125,2,0,0,0,0,0,2016-08-20,33,2,2,BB,0,3,0
70.0,6,2,0,0,0,0,0,2017-08-05,31,4,2,BB,0,0,0
205.0,75,2,2,0,0,0,0,2017-07-22,29,1,1,BB,0,0,0
90.0,408,2,0,0,0,0,0,2017-05-30,22,1,0,BB,0,0,1
198.9,54,2,2,0,0,0,0,2018-05-06,18,1,0,BB,0,2,0
160.0,21,2,0,0,0,0,0,2017-08-13,32,0,2,SC,0,2,0
70.0,160,2,0,0,0,0,0,2015-12-30,53,3,0,BB,0,0,1
94.5,46,2,0,0,0,0,0,2015-10-21,43,4,0,BB,0,1,0
110.78,272,2,0,0,0,0,0,2016-12-27,52,5,1,BB,0,0,0
79.31,38,2,0,0,0,0,0,2017-02-14,7,2,0,HB,0,1,0
99.0,141,2,0,0,0,0,0,2017-06-27,26,4,0,SC,0,0,1
93.0,139,3,0,0,0,0,0,2016-02-11,6,3,0,BB,0,2,0
126.6,38,2,0,0,0,0,0,2016-06-03,22,3,2,BB,1,1,0
119.0,3,2,1,0,0,0,0,2018-03-21,12,1,1,BB,0,0,0
68.0,1,2,0,0,0,0,0,2018-11-05,45,2,2,BB,0,1,0
119.0,13,2,0,0,0,0,0,2018-12-26,52,3,1,BB,0,0,0
240.64,28,2,1,0,0,0,0,2015-07-20,30,5,2,FB,0,0,1
91.96,156,2,1,0,0,0,0,2016-07-19,29,4,0,BB,1,2,0
97.2,48,2,0,0,0,0,0,2017-03-26,12,0,1,BB,0,0,0
62.0,22,2,0,0,0,0,0,2015-07-22,30,2,0,BB,0,0,1
33.3,259,1,0,0,1,1,0,2015-09-17,38,3,0,BB,0,0,1
0.0,14,2,0,0,0,0,0,2016-11-21,47,1,1,BB,0,1,0
170.0,87,2,0,0,0,0,0,2015-09-25,39,3,2,BB,0,0,1
177.33,5,2,0,0,0,0,0,2016-09-12,37,2,1,BB,0,0,1
35.0,2,1,0,0,0,0,0,2017-03-15,11,1,0,BB,1,1,0
68.0,4,2,0,0,0,0,0,2016-03-13,10,0,1,BB,0,1,0
285.17,24,3,1,0,0,0,0,2018-05-21,21,1,2,BB,0,0,1
80.75,214,2,0,0,0,0,0,2018-07-29,30,2,2,RO,0,1,0
115.0,247,2,0,0,0,0,0,2018-06-06,23,1,1,HB,0,0,1
25.0,46,1,0,0,0,0,0,2016-03-11,10,1,0,BB,0,0,0
148.5,164,2,1,0,0,0,0,2017-08-14,33,3,1,BB,0,0,1
62.0,330,2,0,0,1,1,0,2015-09-12,37,2,2,BB,0,0,1
65.0,278,2,0,0,1,1,0,2016-08-11,32,1,0,BB,0,0,1
66.0,0,2,0,0,0,0,0,2015-10-06,41,2,0,BB,1,0,0
91.8,25,2,0,0,0,0,0,2017-02-09,6,3,2,BB,0,2,0
130.9,60,3,0,0,0,0,0,2016-12-23,51,2,2,BB,0,0,1
115.25,61,2,0,0,0,0,0,2016-09-03,35,2,2,HB,1,1,0
90.0,121,2,0,0,0,0,0,2018-06-24,25,2,1,BB,0,0,1
90.0,92,2,0,0,0,0,0,2016-11-11,45,1,0,BB,0,0,0
126.0,87,1,0,0,0,0,0,2017-05-22,21,1,1,BB,0,0,1
225.0,165,2,0,0,0,0,0,2017-05-19,20,2,2,BB,0,0,1
105.3,70,2,0,0,0,0,0,2018-04-22,16,2,0,BB,0,2,0
88.11,171,2,0,0,0,0,0,2016-07-04,27,5,2,BB,0,1,0
166.33,31,2,0,0,0,0,0,2017-06-25,25,1,2,BB,0,1,0
75.0,420,2,0,0,0,0,0,2016-09-03,35,2,2,BB,0,0,1
87.4,164,2,0,0,0,0,0,2017-06-11,23,3,2,HB,0,0,0
79.0,2,1,0,1,1,1,0,2017-02-09,6,2,0,BB,0,1,0
130.5,159,2,0,0,0,0,0,2017-04-28,17,2,1,BB,0,0,1
79.2,96,2,0,0,0,0,0,2016-11-26,47,8,4,BB,0,0,0
52.2,15,2,0,0,0,0,0,2015-11-13,46,2,0,BB,0,0,0
96.3,277,2,0,0,0,0,0,2018-10-21,42,2,0,BB,0,2,1
66.0,3,1,0,1,1,0,1,2018-02-25,8,1,0,BB,0,1,0
85.0,64,2,0,0,0,0,0,2018-09-24,39,1,0,BB,0,0,0
27.07,124,1,0,0,1,0,1,2017-03-26,12,4,2,BB,0,0,0
108.0,17,2,0,0,0,0,0,2018-03-04,9,1,0,BB,0,0,0
76.67,219,1,0,0,0,0,0,2017-09-04,36,2,1,BB,0,0,0
45.0,7,2,0,0,0,0,0,2016-03-03,9,3,0,BB,1,1,0
52.8,7,1,0,0,0,0,0,2016-10-25,43,2,0,BB,0,0,0
100.05,112,2,0,0,0,0,0,2016-11-13,45,3,2,BB,0,1,0
185.0,164,2,0,0,0,0,0,2017-07-09,27,4,2,BB,0,1,0
79.0,13,2,0,0,0,0,0,2016-02-05,5,4,2,SC,0,0,1
75.0,34,2,0,0,0,0,0,2017-01-18,3,1,0,BB,0,0,1
47.0,148,2,0,0,0,0,0,2015-10-24,43,1,0,BB,0,0,1
129.6,114,2,0,0,0,0,0,2018-09-12,37,4,1,BB,0,1,0
76.92,40,2,0,0,0,0,0,2018-06-21,25,1,0,BB,0,0,1
262.0,169,2,0,0,0,0,0,2017-08-20,33,3,2,HB,1,4,0
127.0,14,1,0,0,0,0,0,2018-05-23,21,2,1,BB,0,0,1
29.0,54,2,0,0,0,0,0,2016-03-12,10,5,2,BB,0,0,1
93.0,132,3,0,0,0,0,0,2016-10-18,42,4,0,BB,0,0,1
75.0,113,2,0,0,1,1,0,2016-02-25,8,3,0,BB,0,0,1
110.0,2,2,0,0,0,0,0,2018-04-20,16,2,0,BB,0,0,0
62.0,274,2,0,0,1,1,0,2015-07-18,29,2,2,BB,0,0,1
166.5,228,3,0,0,0,0,0,2017-06-22,25,3,1,BB,0,2,1
62.0,274,2,0,0,0,0,0,2016-04-07,14,2,0,BB,0,0,1
147.25,108,2,0,0,0,0,0,2016-06-11,23,2,2,BB,0,1,0
170.0,88,2,0,0,0,0,0,2015-09-26,39,2,2,BB,0,0,1
108.0,22,2,0,0,0,0,0,2017-07-21,29,1,0,SC,0,1,0
65.75,53,2,0,0,0,0,0,2018-03-06,10,3,2,RO,0,0,0
220.0,85,3,0,0,0,0,0,2017-07-24,30,3,1,BB,0,1,1
91.8,43,2,0,0,0,0,0,2017-03-13,11,3,1,BB,0,3,0
134.0,5,1,0,0,0,0,0,2017-05-08,19,3,1,BB,0,1,0
72.75,210,2,0,0,0,0,0,2015-10-08,41,3,1,BB,0,0,0
89.0,18,2,0,0,0,0,0,2018-04-08,14,1,0,RO,0,0,1
85.0,2,1,0,0,0,0,0,2016-06-14,24,1,0,BB,0,1,0
159.3,38,3,0,0,0,0,0,2016-07-19,29,2,0,BB,1,2,0
100.0,277,2,0,0,0,0,0,2016-11-07,45,2,1,BB,0,0,1
167.5,0,2,0,0,0,0,0,2016-09-24,38,1,1,BB,0,0,0
80.0,42,2,0,0,0,0,0,2016-09-18,37,0,2,BB,0,0,0
87.0,82,2,0,0,0,0,0,2017-05-08,19,3,1,BB,0,1,0
117.3,105,1,0,0,0,0,0,2018-05-05,18,3,0,BB,0,0,1
90.95,70,2,0,0,0,0,0,2018-04-04,14,3,1,BB,0,2,0
80.0,127,2,0,0,0,0,0,2017-03-11,10,1,1,BB,0,0,1
137.7,21,2,0,0,0,0,0,2016-08-15,33,5,2,BB,0,1,1
98.0,1,2,0,0,0,0,0,2017-01-03,1,2,0,BB,0,1,0
149.4,62,2,0,0,0,0,0,2018-09-14,37,4,1,BB,0,3,0
131.75,151,3,0,0,0,0,0,2016-07-14,28,8,2,BB,0,1,0
54.0,53,2,0,0,0,0,0,2017-02-27,9,1,1,HB,0,0,1
54.5,171,1,0,0,0,0,0,2016-04-04,14,1,1,HB,0,0,0
276.0,28,2,0,0,0,0,0,2017-08-28,35,2,1,HB,1,2,0
98.1,31,2,0,0,0,0,0,2018-05-22,21,0,2,RO,0,0,1
94.5,85,2,0,0,0,0,0,2018-07-17,29,2,2,RO,0,0,1
76.67,219,1,0,0,0,0,0,2017-09-04,36,2,1,BB,0,0,0
86.28,258,2,0,0,0,0,0,2015-09-17,38,5,2,HB,0,0,0
0.0,0,2,0,1,0,0,0,2016-06-17,24,0,0,BB,0,0,0
96.3,80,2,0,0,0,0,0,2018-04-08,14,2,0,BB,0,1,0
62.0,144,2,0,0,0,0,0,2017-03-14,11,14,4,HB,0,0,1
121.55,80,3,0,0,0,0,0,2016-04-25,17,3,1,BB,0,3,0
57.0,13,2,0,0,0,0,0,2016-03-27,12,0,2,BB,1,0,0
173.33,33,2,0,0,0,0,0,2017-06-18,24,1,2,BB,0,2,1
128.0,220,1,0,0,0,0,0,2016-09-17,37,1,2,HB,0,0,0
154.0,44,2,0,0,0,0,0,2015-08-01,31,1,1,BB,0,0,0
88.0,14,2,0,0,0,0,0,2017-03-02,9,1,0,BB,0,0,0
151.47,38,3,0,0,0,0,0,2018-08-14,33,1,2,BB,0,0,1
112.5,177,2,0,0,0,0,0,2017-08-10,32,3,1,SC,0,0,0
84.65,29,2,0,0,0,0,0,2016-02-05,5,2,0,BB,0,0,0
0.0,3,2,1,0,0,0,0,2015-09-04,36,2,0,BB,0,3,0
137.0,6,2,0,0,0,0,0,2015-12-31,53,2,0,BB,0,1,0
192.0,4,2,0,0,0,0,0,2015-07-31,31,2,0,BB,1,2,0
101.18,134,2,0,0,0,0,0,2016-05-30,22,5,1,BB,0,0,0
103.7,145,2,1,0,0,0,0,2017-02-20,8,3,1,BB,0,1,0
85.0,56,2,0,0,0,0,0,2017-03-21,12,3,0,BB,0,0,1
162.0,78,2,0,0,0,0,0,2017-05-20,20,1,2,BB,0,2,0
94.5,165,2,0,0,0,0,0,2016-07-08,27,2,0,SC,0,0,1
100.0,280,1,0,0,0,0,0,2016-09-19,38,2,1,BB,0,0,1
90.0,346,1,0,0,0,0,0,2018-09-13,37,2,0,HB,0,0,0
66.88,2,1,0,0,0,0,0,2018-05-15,20,2,2,BB,0,0,0
126.9,52,2,0,0,0,0,0,2016-05-14,19,3,2,BB,0,0,0
114.0,12,2,0,0,0,0,0,2018-07-19,29,2,0,RO,0,1,0
114.5,175,2,0,0,0,0,0,2016-10-01,39,1,1,BB,1,1,0
75.65,3,2,0,0,0,0,0,2016-04-17,15,0,2,BB,0,0,0
80.0,59,2,0,0,0,0,0,2017-01-23,4,1,1,BB,0,0,1
110.0,240,2,0,0,0,0,0,2016-10-21,42,2,1,BB,0,0,1
33.94,36,1,0,0,0,0,0,2017-01-01,52,5,2,BB,0,1,0
112.33,18,1,0,0,0,0,0,2016-05-29,21,1,2,BB,0,1,0
106.25,156,2,0,0,0,0,0,2016-08-14,32,3,2,BB,0,1,0
135.0,2,2,2,0,0,0,0,2016-05-01,17,4,2,BB,0,0,0
109.0,0,2,0,0,0,0,0,2018-08-01,31,0,1,RO,0,1,1
149.0,1,1,0,0,0,0,0,2016-08-11,32,1,0,BB,0,0,0
125.6,288,3,0,0,0,0,0,2017-06-23,25,5,2,BB,0,0,0
135.0,161,2,0,0,0,0,0,2017-06-14,24,3,0,BB,0,0,0
105.33,42,2,0,0,0,0,0,2017-02-17,7,2,1,BB,0,0,0
33.3,99,2,0,0,0,0,0,2016-02-16,7,7,2,BB,0,0,0
86.5,197,0,2,0,0,0,0,2018-07-17,29,0,1,BB,0,0,1
124.2,107,2,0,0,0,0,0,2016-11-04,44,2,1,HB,0,1,1
52.02,91,2,1,0,0,0,0,2016-04-01,13,2,2,SC,0,1,0
95.0,146,2,0,0,0,0,0,2016-04-24,16,0,2,BB,0,0,1
94.5,131,2,0,0,0,0,0,2017-08-15,33,1,2,HB,0,0,0
74.25,320,2,0,0,0,0,0,2017-06-03,22,5,2,BB,0,1,1
36.0,1,1,0,0,0,0,0,2015-11-18,47,1,0,BB,0,1,0
62.0,367,2,0,0,1,1,0,2015-10-19,43,1,1,BB,0,0,1
170.0,4,2,0,0,0,0,0,2018-09-12,37,1,1,BB,0,2,0
89.0,305,2,0,0,0,0,0,2016-11-04,44,2,1,BB,0,0,1
122.4,396,2,0,0,0,0,0,2017-06-25,25,0,2,HB,0,1,0
86.7,292,2,0,0,0,0,0,2016-12-13,50,4,0,BB,0,0,1
25.5,322,2,0,0,0,0,0,2017-01-10,2,40,16,BB,0,0,1
74.8,44,2,0,0,0,0,0,2016-11-25,47,4,2,SC,0,0,1
95.0,0,1,0,0,0,0,0,2016-06-23,25,1,0,BB,0,0,0
93.6,47,2,0,0,0,0,0,2017-01-06,1,2,1,BB,0,1,0
86.58,74,2,0,0,1,1,0,2016-01-01,53,3,2,BB,0,0,1
138.0,7,2,0,0,0,0,0,2018-04-09,15,4,2,BB,0,0,1
76.75,49,2,0,0,0,0,0,2016-03-25,12,2,2,BB,0,0,1
71.33,8,2,0,0,0,0,0,2016-03-19,11,1,2,BB,0,0,0
155.25,0,2,1,0,0,0,0,2016-08-24,34,1,0,BB,1,1,0
65.0,103,2,0,0,0,0,0,2017-03-27,13,1,1,BB,0,0,1
99.0,63,2,0,0,0,0,0,2017-04-09,14,0,2,BB,0,0,0
42.14,48,1,0,1,1,0,1,2016-10-29,43,5,2,BB,0,1,0
55.0,30,2,0,0,0,0,0,2016-10-09,40,0,2,BB,0,0,0
118.0,14,3,0,0,0,0,0,2016-02-25,8,3,0,BB,0,1,0
115.0,320,2,0,0,0,0,0,2018-08-18,33,2,0,HB,0,1,1
140.0,2,2,0,0,0,0,0,2017-08-24,34,1,0,BB,0,1,0
90.0,333,2,0,0,1,1,0,2016-09-20,38,2,0,BB,0,0,1
81.9,40,2,0,0,0,0,0,2016-03-05,9,3,2,BB,0,0,1
117.67,8,2,0,0,0,0,0,2015-09-03,36,3,0,BB,0,2,1
101.5,102,2,0,0,0,0,0,2017-10-16,42,2,0,HB,0,0,1
79.66,247,2,0,0,0,0,0,2017-06-02,22,2,1,HB,0,0,1
75.0,1,1,0,1,6,0,6,2017-01-23,4,0,1,BB,1,2,0
146.1,30,1,2,0,0,0,0,2018-07-15,28,4,2,BB,0,2,0
110.0,247,2,0,0,0,0,0,2016-10-28,43,2,1,BB,0,0,1
231.0,93,2,0,0,0,0,0,2016-08-04,31,4,2,HB,0,0,1
126.9,30,2,0,0,0,0,0,2018-05-15,20,2,2,BB,0,1,0
51.3,224,2,0,0,0,0,0,2016-03-31,13,2,0,BB,0,2,1
109.0,39,2,0,0,0,0,0,2015-08-14,33,2,0,HB,0,0,0
90.95,109,2,0,0,0,0,0,2016-05-22,20,1,2,BB,0,0,0
74.88,41,2,0,0,0,0,0,2016-12-12,50,4,1,HB,1,0,0
72.25,167,2,0,0,0,0,0,2018-08-04,31,3,2,BB,0,1,0
113.53,78,2,0,0,0,0,0,2017-06-19,25,2,1,SC,0,1,0
152.1,150,2,1,0,0,0,0,2017-04-19,16,4,1,BB,0,0,0
82.45,96,2,0,0,0,0,0,2016-08-11,32,2,0,BB,0,0,0
65.45,80,2,0,0,0,0,0,2015-11-14,46,1,2,BB,0,1,0
104.85,35,2,0,0,0,0,0,2015-10-17,42,1,1,BB,0,1,0
63.1,5,1,0,0,0,0,0,2018-01-15,3,2,0,RO,0,0,0
115.0,247,2,0,0,0,0,0,2016-06-06,23,1,1,HB,0,1,0
0.0,271,1,0,0,0,0,0,2015-07-15,29,2,0,BB,0,0,0
130.5,186,2,0,0,0,0,0,2017-04-28,17,2,1,BB,0,1,1
90.0,420,2,0,0,0,0,0,2017-05-20,20,1,2,BB,0,0,1
147.6,45,2,0,0,0,0,0,2018-11-07,45,2,1,BB,0,0,0
72.5,145,1,0,0,0,0,0,2017-08-29,35,1,2,HB,0,0,0
130.0,64,1,0,0,0,0,0,2018-05-17,20,2,0,BB,0,0,0
48.0,1,1,0,0,0,0,0,2016-12-12,50,3,1,BB,0,2,0
114.3,81,2,0,0,0,0,0,2016-07-04,27,4,1,BB,0,1,0
107.0,91,2,0,0,0,0,0,2015-07-10,28,2,0,BB,1,2,0
34.73,36,2,0,0,0,0,0,2016-03-04,9,5,2,BB,0,0,0
50.0,103,2,0,0,0,0,0,2016-02-09,6,2,0,HB,0,0,1
45.0,0,2,0,0,0,0,0,2016-02-05,5,2,2,BB,0,0,0
95.0,2,2,0,0,0,0,0,2017-01-19,3,3,0,BB,0,0,0
76.5,80,2,0,0,0,0,0,2017-07-16,28,2,0,BB,0,1,1
89.0,9,2,0,0,0,0,0,2016-01-12,2,4,0,BB,0,1,0
78.0,21,2,0,0,0,0,0,2017-03-16,11,3,1,BB,0,0,0
30.0,6,1,0,1,1,0,1,2016-12-13,50,1,0,BB,0,0,0
108.8,57,2,1,0,0,0,0,2018-03-21,12,3,1,BB,0,2,0
142.0,155,2,0,0,0,0,0,2017-06-14,24,4,0,HB,0,2,1
76.0,0,1,0,0,0,0,0,2017-01-27,4,1,0,BB,0,1,0
85.0,0,1,0,0,0,0,0,2017-02-28,9,2,0,BB,0,0,0
57.6,231,2,0,0,0,0,0,2016-09-30,39,2,1,BB,0,0,1
88.33,16,2,0,0,0,0,0,2018-01-30,5,1,2,BB,0,0,0
66.0,352,2,0,0,0,0,0,2017-05-25,21,5,2,BB,0,0,0
118.8,133,2,0,0,0,0,0,2016-09-27,39,4,0,SC,0,3,0
67.0,1,1,0,1,2,0,2,2016-04-13,15,1,0,BB,1,1,0
43.0,1,1,0,1,1,0,1,2017-02-08,6,1,0,BB,0,1,0
187.09,92,1,2,0,0,0,0,2016-10-17,42,8,3,HB,0,0,0
70.0,25,2,0,0,0,0,0,2017-12-14,50,0,1,BB,0,0,0
78.3,34,2,0,0,0,0,0,2018-01-16,3,1,2,BB,0,1,0
72.0,49,2,0,0,0,0,0,2017-03-17,11,2,1,BB,0,0,0
85.0,213,2,0,0,0,0,0,2016-05-16,20,1,1,HB,0,0,0
85.0,122,2,0,0,0,0,0,2016-04-15,15,2,0,BB,0,0,0
85.75,11,2,0,0,0,0,0,2016-03-23,12,4,0,BB,0,0,0
80.0,67,2,0,0,0,0,0,2017-02-12,6,0,2,BB,0,0,1
72.25,156,2,0,0,0,0,0,2016-08-08,32,5,2,BB,0,0,0
95.4,295,2,0,0,0,0,0,2016-07-21,29,3,1,BB,0,1,0
22.0,423,1,0,0,0,0,0,2017-07-22,29,1,1,HB,0,0,0
65.0,46,2,0,0,0,0,0,2017-01-01,52,0,2,BB,0,1,0
80.0,75,2,0,0,0,0,0,2018-03-17,11,3,1,BB,0,0,1
139.0,226,2,0,0,1,1,0,2016-06-15,24,4,0,BB,0,1,1
138.38,315,2,0,0,0,0,0,2017-08-20,33,3,2,BB,0,1,1
81.45,76,2,0,0,0,0,0,2015-09-29,40,6,2,BB,0,1,1
63.0,162,2,0,0,0,0,0,2016-03-24,12,3,1,SC,0,0,0
62.0,276,2,0,0,1,1,0,2015-07-20,30,1,1,BB,0,0,1
75.95,81,2,0,0,0,0,0,2018-03-05,10,2,2,BB,0,1,0
89.1,184,2,0,0,0,0,0,2017-07-15,28,3,2,BB,0,3,0
91.0,61,2,0,0,0,0,0,2015-10-04,40,0,2,BB,0,0,0
99.0,15,2,0,0,0,0,0,2018-04-20,16,3,0,BB,0,1,0
102.8,152,2,0,0,0,0,0,2016-07-17,28,2,2,BB,0,0,0
100.0,163,1,0,0,0,0,0,2018-06-05,23,2,2,BB,0,0,1
95.5,423,1,0,0,0,0,0,2017-07-22,29,1,1,HB,0,0,0
80.75,100,2,0,0,0,0,0,2018-09-25,39,1,2,BB,0,0,0
30.0,2,1,0,0,0,0,0,2016-03-16,11,1,0,BB,0,0,0
62.0,260,2,0,0,1,1,0,2015-07-04,27,2,2,BB,0,0,1
167.45,164,2,2,0,0,0,0,2018-08-21,34,2,2,BB,0,0,1
120.6,44,2,0,0,0,0,0,2017-09-12,37,1,2,BB,1,2,0
123.0,2,2,0,0,0,0,0,2017-10-18,42,1,2,BB,0,0,0
116.55,37,1,0,0,0,0,0,2016-06-19,24,2,2,BB,0,0,0
90.0,286,2,0,0,0,0,0,2018-10-16,42,0,1,BB,0,0,1
74.8,60,2,0,0,0,0,0,2017-02-08,6,4,0,SC,0,3,0
210.0,205,2,0,0,0,0,0,2017-08-29,35,2,0,BB,0,3,1
26.0,3,1,0,0,0,0,0,2016-02-28,8,0,1,BB,0,0,0
25.0,4,1,0,0,0,0,0,2016-01-12,2,1,0,BB,0,0,0
